access_walk,0
bike,0.0180111815375941
bus_dublin,0
bus_interurban_rural,0.0434719552575083
bus_other_city_town,0.000688377451451005
car,0.784912686367471
egress_walk,0
ferry,0
heavy_rail_dart,0.00185371672757207
heavy_rail_other,0.001665791725989
light_rail_luas_green,0.0025809047771761
light_rail_luas_red,0.00140943751187297
pt,0
transit_walk,0
walk,0.145405948643365