,seq,x,y,end_day,start_s,end_s,duration_s
count,23.0,23.0,23.0,23.0,23.0,23.0,23.0
mean,3.217391304347826,3513.0434782608695,434.7826086956522,1.0,35969.608695652176,53935.086956521736,17965.478260869564
std,1.9530051840719362,4899.935467833511,2085.144140570748,0.0,24890.382632909605,23418.782114349317,13862.73027964997
min,1.0,0.0,0.0,1.0,0.0,25200.0,0.0
25%,2.0,0.0,0.0,1.0,25466.0,28800.0,0.0
50%,3.0,50.0,0.0,1.0,31500.0,59478.0,22945.0
75%,4.5,10050.0,0.0,1.0,63266.0,63900.0,28800.0
max,7.0,10100.0,10000.0,1.0,66151.0,86399.0,34196.0
