,seq,trip,ox,oy,dx,dy,end_day,start_s,end_s,duration_s,distance
count,18.0,18.0,18.0,18.0,18.0,18.0,18.0,18.0,18.0,18.0,18.0
mean,2.8333333333333335,1.5,4488.888888888889,555.5555555555555,4488.888888888889,555.5555555555555,1.0,44917.333333333336,45961.166666666664,1043.8333333333333,5987.777777777777
std,1.7573375583870183,0.5144957554275266,5141.284903359893,2357.0226039551585,5141.284903359893,2357.0226039551585,0.0,17710.714151741762,17762.583520522272,1432.8056085054616,5528.668125491895
min,1.0,1.0,0.0,0.0,0.0,0.0,1.0,25200.0,25278.0,4.0,65.0
25%,1.25,1.0,0.0,0.0,0.0,0.0,1.0,28800.0,28822.5,78.0,65.0
50%,2.0,1.5,50.0,0.0,50.0,0.0,1.0,45450.0,45714.5,266.0,10100.0
75%,4.0,2.0,10050.0,0.0,10050.0,0.0,1.0,63000.0,63788.5,2172.0,10100.0
max,6.0,2.0,10100.0,10000.0,10100.0,10000.0,1.0,63900.0,66151.0,4422.0,13130.0
